<?xml version="1.0"?>
<extension type="component" version="2.5.28" method="upgrade">
	<name>com_mycomp</name>
	<author>Stein Van Uytven</author>
	<version>1.0.2</version>
	<description>My first component</description>
	<files folder="components/com_mycomp">
		<filename>mycomp.php</filename>
		<filename>index.html</filename>
	</files>
	<administration>
		<files folder="administrator/components/com_mycomp">
			<filename>mycomp.php</filename>
			<filename>index.html</filename>
		</files>
                <menu>Mycomp</menu>
	</administration>
</extension>
